"sepal length","petal length"
6.5,5.5
5.9,4.2
5.8,4.1
5,3.3
7.1,5.9
5.7,4.1
6,5.1
5.6,4.9
6.9,5.4
7.2,6.1
7.2,5.8
5.4,4.5
6.5,5.2
6.4,5.6
7.7,6.1
6.4,5.3
7,4.7
6,4.8
6.3,4.9
5.6,4.5
7.9,6.4
6.3,5.6
7.7,6.7
6.6,4.4
6.3,5.1
5.6,4.1
6.2,4.3
5.8,5.1
6,4.5
6.3,4.7
6.9,5.1
6.6,4.6
6.2,5.4
7.7,6.9
6.7,4.4
6.7,5.6
5.1,3
5.8,5.1
6.1,4.9
7.6,6.6
6.8,4.8
6.4,4.5
6.8,5.5
6.1,4.6
6,4.5
6.3,4.9
5.8,3.9
5.8,5.1
6.7,5.2
5.7,3.5
