"sepal length","petal width","petal length"
6.5,1.8,5.5
5.9,1.5,4.2
5.8,1,4.1
5,1,3.3
7.1,2.1,5.9
5.7,1.3,4.1
6,1.6,5.1
5.6,2,4.9
6.9,2.1,5.4
7.2,2.5,6.1
7.2,1.6,5.8
5.4,1.5,4.5
6.5,2,5.2
6.4,2.2,5.6
7.7,2.3,6.1
6.4,2.3,5.3
7,1.4,4.7
6,1.8,4.8
6.3,1.8,4.9
5.6,1.5,4.5
7.9,2,6.4
6.3,1.8,5.6
7.7,2,6.7
6.6,1.4,4.4
6.3,1.5,5.1
5.6,1.3,4.1
6.2,1.3,4.3
5.8,1.9,5.1
6,1.6,4.5
6.3,1.6,4.7
6.9,2.3,5.1
6.6,1.3,4.6
6.2,2.3,5.4
7.7,2.3,6.9
6.7,1.4,4.4
6.7,2.4,5.6
5.1,1.1,3
5.8,1.9,5.1
6.1,1.8,4.9
7.6,2.1,6.6
6.8,1.4,4.8
6.4,1.5,4.5
6.8,2.1,5.5
6.1,1.4,4.6
6,1.5,4.5
6.3,1.5,4.9
5.8,1.2,3.9
5.8,2.4,5.1
6.7,2.3,5.2
5.7,1,3.5
